;;;;;;;;;;
;;;;;;;;;;
;;;;;;;;;;
;;;;;;;;;;
;;;;;;;;;;
;;;;;;;;;;
;;;;;;;;;;
;;;;;;;;;;
;;;;;;;;;;
;Código;Nombre de Comuna;Hombre;Mujer;Total;;;;;
;1101;Iquique;   98 413;   101 174;   199 587;;;;;
;1107;Alto Hospicio;   70 649;   71 437;   142 086;;;;;
;1401;Pozo Almonte;   8 667;   8 211;   16 878;;;;;
;1402;Camiña;    648;    687;   1 335;;;;;
;1403;Colchane;    389;    401;    790;;;;;
;1404;Huara;   1 484;   1 374;   2 858;;;;;
;1405;Pica;   3 093;   3 179;   6 272;;;;;
;2101;Antofagasta;   197 979;   203 117;   401 096;;;;;
;2102;Mejillones;   7 021;   7 063;   14 084;;;;;
;2103;Sierra Gorda;    707;    765;   1 472;;;;;
;2104;Taltal;   6 063;   6 034;   12 097;;;;;
;2201;Calama;   82 269;   84 065;   166 334;;;;;
;2202;Ollagüe;    122;    134;    256;;;;;
;2203;San Pedro de Atacama;   4 768;   5 075;   9 843;;;;;
;2301;Tocopilla;   12 589;   12 811;   25 400;;;;;
;2302;María Elena;   2 477;   2 357;   4 834;;;;;
;3101;Copiapó;   83 536;   85 295;   168 831;;;;;
;3102;Caldera;   9 396;   9 409;   18 805;;;;;
;3103;Tierra Amarilla;   6 070;   5 776;   11 846;;;;;
;3201;Chañaral;   6 219;   6 126;   12 345;;;;;
;3202;Diego de Almagro;   5 672;   5 725;   11 397;;;;;
;3301;Vallenar;   26 541;   27 681;   54 222;;;;;
;3302;Alto del Carmen;   2 454;   2 334;   4 788;;;;;
;3303;Freirina;   3 743;   3 834;   7 577;;;;;
;3304;Huasco;   4 632;   4 737;   9 369;;;;;
;4101;La Serena;   120 407;   129 734;   250 141;;;;;
;4102;Coquimbo;   127 926;   135 793;   263 719;;;;;
;4103;Andacollo;   5 800;   5 766;   11 566;;;;;
;4104;La Higuera;   2 299;   2 036;   4 335;;;;;
;4105;Paihuano;   2 310;   2 339;   4 649;;;;;
;4106;Vicuña;   13 738;   14 309;   28 047;;;;;
;4201;Illapel;   15 548;   16 461;   32 009;;;;;
;4202;Canela;   4 869;   4 770;   9 639;;;;;
;4203;Los Vilos;   11 281;   11 598;   22 879;;;;;
;4204;Salamanca;   13 772;   14 051;   27 823;;;;;
;4301;Ovalle;   57 311;   61 385;   118 696;;;;;
;4302;Combarbalá;   6 305;   6 649;   12 954;;;;;
;4303;Monte Patria;   14 703;   15 294;   29 997;;;;;
;4304;Punitaqui;   5 975;   6 101;   12 076;;;;;
;4305;Río Hurtado;   2 153;   2 181;   4 334;;;;;
;5101;Valparaíso;   138 494;   146 444;   284 938;;;;;
;5102;Casablanca;   14 582;   15 294;   29 876;;;;;
;5103;Concón;   23 153;   25 141;   48 294;;;;;
;5104;Juan Fernández;    458;    446;    904;;;;;
;5105;Puchuncaví;   11 156;   11 383;   22 539;;;;;
;5107;Quintero;   17 507;   18 247;   35 754;;;;;
;5109;Viña del Mar;   158 878;   175 993;   334 871;;;;;
;5201;Isla de Pascua;   2 351;   2 449;   4 800;;;;;
;5301;Los Andes;   30 469;   32 971;   63 440;;;;;
;5302;Calle Larga;   8 139;   8 458;   16 597;;;;;
;5303;Rinconada;   5 851;   6 004;   11 855;;;;;
;5304;San Esteban;   9 835;   10 277;   20 112;;;;;
;5401;La Ligua;   19 171;   20 099;   39 270;;;;;
;5402;Cabildo;   9 860;   10 155;   20 015;;;;;
;5403;Papudo;   3 766;   3 795;   7 561;;;;;
;5404;Petorca;   5 030;   5 176;   10 206;;;;;
;5405;Zapallar;   3 902;   4 078;   7 980;;;;;
;5501;Quillota;   46 621;   50 132;   96 753;;;;;
;5502;Calera;   24 513;   26 118;   50 631;;;;;
;5503;Hijuelas;   9 518;   9 768;   19 286;;;;;
;5504;La Cruz;   11 993;   12 946;   24 939;;;;;
;5506;Nogales;   10 849;   11 287;   22 136;;;;;
;5601;San Antonio;   46 972;   49 798;   96 770;;;;;
;5602;Algarrobo;   7 673;   8 403;   16 076;;;;;
;5603;Cartagena;   12 043;   12 556;   24 599;;;;;
;5604;El Quisco;   9 088;   9 883;   18 971;;;;;
;5605;El Tabo;   7 915;   8 345;   16 260;;;;;
;5606;Santo Domingo;   6 437;   6 734;   13 171;;;;;
;5701;San Felipe;   38 921;   41 492;   80 413;;;;;
;5702;Catemu;   6 728;   7 032;   13 760;;;;;
;5703;Llaillay;   12 538;   12 946;   25 484;;;;;
;5704;Panquehue;   3 582;   3 687;   7 269;;;;;
;5705;Putaendo;   8 531;   8 805;   17 336;;;;;
;5706;Santa María;   7 325;   7 809;   15 134;;;;;
;5801;Quilpué;   77 149;   85 410;   162 559;;;;;
;5802;Limache;   27 348;   28 797;   56 145;;;;;
;5803;Olmué;   9 668;   10 110;   19 778;;;;;
;5804;Villa Alemana;   65 629;   73 942;   139 571;;;;;
;6101;Rancagua;   125 172;   132 572;   257 744;;;;;
;6102;Codegua;   6 885;   7 070;   13 955;;;;;
;6103;Coinco;   3 906;   4 010;   7 916;;;;;
;6104;Coltauco;   10 653;   10 720;   21 373;;;;;
;6105;Doñihue;   10 706;   11 219;   21 925;;;;;
;6106;Graneros;   17 613;   18 325;   35 938;;;;;
;6107;Las Cabras;   13 900;   13 654;   27 554;;;;;
;6108;Machalí;   29 507;   31 368;   60 875;;;;;
;6109;Malloa;   6 950;   6 932;   13 882;;;;;
;6110;Mostazal;   13 521;   13 873;   27 394;;;;;
;6111;Olivar;   6 870;   7 031;   13 901;;;;;
;6112;Peumo;   7 115;   7 128;   14 243;;;;;
;6113;Pichidegua;   10 152;   10 211;   20 363;;;;;
;6114;Quinta de Tilcoco;   6 648;   6 910;   13 558;;;;;
;6115;Rengo;   30 925;   32 695;   63 620;;;;;
;6116;Requínoa;   14 588;   14 920;   29 508;;;;;
;6117;San Vicente;   24 340;   25 219;   49 559;;;;;
;6201;Pichilemu;   9 744;   10 103;   19 847;;;;;
;6202;La Estrella;   2 343;   2 266;   4 609;;;;;
;6203;Litueche;   4 443;   4 409;   8 852;;;;;
;6204;Marchihue;   4 347;   4 368;   8 715;;;;;
;6205;Navidad;   4 521;   4 364;   8 885;;;;;
;6206;Paredones;   3 667;   3 561;   7 228;;;;;
;6301;San Fernando;   36 247;   39 338;   75 585;;;;;
;6302;Chépica;   7 737;   7 931;   15 668;;;;;
;6303;Chimbarongo;   18 467;   18 791;   37 258;;;;;
;6304;Lolol;   3 926;   3 865;   7 791;;;;;
;6305;Nancagua;   9 222;   9 501;   18 723;;;;;
;6306;Palmilla;   6 547;   6 513;   13 060;;;;;
;6307;Peralillo;   6 211;   6 282;   12 493;;;;;
;6308;Placilla;   4 739;   4 699;   9 438;;;;;
;6309;Pumanque;   2 299;   2 260;   4 559;;;;;
;6310;Santa Cruz;   20 037;   21 172;   41 209;;;;;
;7101;Talca;   110 996;   121 135;   232 131;;;;;
;7102;Constitución;   23 154;   23 850;   47 004;;;;;
;7103;Curepto;   4 876;   4 643;   9 519;;;;;
;7104;Empedrado;   2 046;   1 944;   3 990;;;;;
;7105;Maule;   29 505;   31 576;   61 081;;;;;
;7106;Pelarco;   4 592;   4 637;   9 229;;;;;
;7107;Pencahue;   4 641;   4 540;   9 181;;;;;
;7108;Río Claro;   7 195;   7 081;   14 276;;;;;
;7109;San Clemente;   23 424;   23 956;   47 380;;;;;
;7110;San Rafael;   5 552;   5 678;   11 230;;;;;
;7201;Cauquenes;   20 295;   22 503;   42 798;;;;;
;7202;Chanco;   4 698;   4 748;   9 446;;;;;
;7203;Pelluhue;   4 158;   4 420;   8 578;;;;;
;7301;Curicó;   77 105;   82 863;   159 968;;;;;
;7302;Hualañé;   5 392;   5 383;   10 775;;;;;
;7303;Licantén;   3 372;   3 520;   6 892;;;;;
;7304;Molina;   23 906;   25 043;   48 949;;;;;
;7305;Rauco;   5 613;   5 653;   11 266;;;;;
;7306;Romeral;   8 448;   8 785;   17 233;;;;;
;7307;Sagrada Familia;   9 751;   9 676;   19 427;;;;;
;7308;Teno;   14 982;   15 131;   30 113;;;;;
;7309;Vichuquén;   2 426;   2 290;   4 716;;;;;
;7401;Linares;   46 158;   50 586;   96 744;;;;;
;7402;Colbún;   11 087;   11 550;   22 637;;;;;
;7403;Longaví;   16 598;   16 701;   33 299;;;;;
;7404;Parral;   21 848;   23 475;   45 323;;;;;
;7405;Retiro;   11 082;   11 228;   22 310;;;;;
;7406;San Javier;   23 732;   25 827;   49 559;;;;;
;7407;Villa Alegre;   8 616;   9 303;   17 919;;;;;
;7408;Yerbas Buenas;   10 007;   10 028;   20 035;;;;;
;8101;Concepción;   110 985;   119 390;   230 375;;;;;
;8102;Coronel;   59 274;   64 374;   123 648;;;;;
;8103;Chiguayante;   40 464;   45 358;   85 822;;;;;
;8104;Florida;   6 455;   6 503;   12 958;;;;;
;8105;Hualqui;   12 388;   13 407;   25 795;;;;;
;8106;Lota;   19 342;   20 638;   39 980;;;;;
;8107;Penco;   23 370;   25 601;   48 971;;;;;
;8108;San Pedro de La paz;   72 262;   78 730;   150 992;;;;;
;8109;Santa Juana;   7 203;   7 744;   14 947;;;;;
;8110;Talcahuano;   70 548;   76 774;   147 322;;;;;
;8111;Tomé;   26 964;   29 943;   56 907;;;;;
;8112;Hualpén;   41 521;   46 210;   87 731;;;;;
;8201;Lebu;   12 333;   12 913;   25 246;;;;;
;8202;Arauco;   18 128;   19 035;   37 163;;;;;
;8203;Cañete;   16 602;   18 038;   34 640;;;;;
;8204;Contulmo;   2 925;   2 980;   5 905;;;;;
;8205;Curanilahue;   15 127;   15 992;   31 119;;;;;
;8206;Los Álamos;   10 581;   11 369;   21 950;;;;;
;8207;Tirúa;   5 023;   5 185;   10 208;;;;;
;8301;Los Ángeles;   105 436;   114 005;   219 441;;;;;
;8302;Antuco;   2 125;   2 248;   4 373;;;;;
;8303;Cabrero;   15 264;   15 992;   31 256;;;;;
;8304;Laja;   11 451;   12 255;   23 706;;;;;
;8305;Mulchén;   14 093;   14 943;   29 036;;;;;
;8306;Nacimiento;   12 790;   13 350;   26 140;;;;;
;8307;Negrete;   5 273;   5 450;   10 723;;;;;
;8308;Quilaco;   2 210;   2 230;   4 440;;;;;
;8309;Quilleco;   4 826;   4 874;   9 700;;;;;
;8310;San Rosendo;   1 753;   1 822;   3 575;;;;;
;8311;Santa Bárbara;   6 847;   7 228;   14 075;;;;;
;8312;Tucapel;   7 568;   8 161;   15 729;;;;;
;8313;Yumbel;   11 359;   11 811;   23 170;;;;;
;8314;Alto Biobío;   3 005;   3 011;   6 016;;;;;
;9101;Temuco;   138 163;   154 355;   292 518;;;;;
;9102;Carahue;   12 208;   12 749;   24 957;;;;;
;9103;Cunco;   9 368;   9 809;   19 177;;;;;
;9104;Curarrehue;   3 901;   3 832;   7 733;;;;;
;9105;Freire;   13 029;   13 135;   26 164;;;;;
;9106;Galvarino;   6 360;   6 350;   12 710;;;;;
;9107;Gorbea;   6 778;   7 370;   14 148;;;;;
;9108;Lautaro;   20 197;   21 739;   41 936;;;;;
;9109;Loncoche;   12 201;   12 957;   25 158;;;;;
;9110;Melipeuco;   3 342;   3 454;   6 796;;;;;
;9111;Nueva Imperial;   16 546;   17 442;   33 988;;;;;
;9112;Padre Las Casas;   38 960;   41 696;   80 656;;;;;
;9113;Perquenco;   3 631;   3 807;   7 438;;;;;
;9114;Pitrufquén;   12 988;   14 053;   27 041;;;;;
;9115;Pucón;   15 767;   16 554;   32 321;;;;;
;9116;Saavedra;   6 275;   6 602;   12 877;;;;;
;9117;Teodoro Schmidt;   7 758;   7 881;   15 639;;;;;
;9118;Toltén;   4 941;   5 100;   10 041;;;;;
;9119;Vilcún;   15 386;   16 189;   31 575;;;;;
;9120;Villarrica;   32 807;   34 930;   67 737;;;;;
;9121;Cholchol;   6 578;   6 589;   13 167;;;;;
;9201;Angol;   25 143;   27 879;   53 022;;;;;
;9202;Collipulli;   11 731;   12 572;   24 303;;;;;
;9203;Curacautín;   8 944;   9 592;   18 536;;;;;
;9204;Ercilla;   3 750;   3 980;   7 730;;;;;
;9205;Lonquimay;   5 125;   5 122;   10 247;;;;;
;9206;Los Sauces;   3 636;   3 712;   7 348;;;;;
;9207;Lumaco;   4 691;   4 562;   9 253;;;;;
;9208;Purén;   5 793;   6 391;   12 184;;;;;
;9209;Renaico;   5 150;   5 536;   10 686;;;;;
;9210;Traiguén;   8 971;   9 902;   18 873;;;;;
;9211;Victoria;   16 600;   17 864;   34 464;;;;;
;10101;Puerto Montt;   136 544;   140 496;   277 040;;;;;
;10102;Calbuco;   18 374;   18 100;   36 474;;;;;
;10103;Cochamó;   2 213;   1 986;   4 199;;;;;
;10104;Fresia;   6 102;   6 218;   12 320;;;;;
;10105;Frutillar;   11 034;   11 520;   22 554;;;;;
;10106;Los Muermos;   8 620;   8 542;   17 162;;;;;
;10107;Llanquihue;   8 826;   9 262;   18 088;;;;;
;10108;Maullín;   7 651;   7 412;   15 063;;;;;
;10109;Puerto Varas;   25 814;   27 128;   52 942;;;;;
;10201;Castro;   22 832;   24 165;   46 997;;;;;
;10202;Ancud;   19 981;   20 968;   40 949;;;;;
;10203;Chonchi;   7 896;   8 182;   16 078;;;;;
;10204;Curaco de Vélez;   1 774;   1 888;   3 662;;;;;
;10205;Dalcahue;   7 403;   7 491;   14 894;;;;;
;10206;Puqueldón;   2 021;   2 027;   4 048;;;;;
;10207;Queilén;   2 859;   2 831;   5 690;;;;;
;10208;Quellón;   14 339;   14 121;   28 460;;;;;
;10209;Quemchi;   4 239;   4 170;   8 409;;;;;
;10210;Quinchao;   3 727;   3 951;   7 678;;;;;
;10301;Osorno;   79 484;   86 971;   166 455;;;;;
;10302;Puerto Octay;   4 517;   4 348;   8 865;;;;;
;10303;Purranque;   9 515;   10 027;   19 542;;;;;
;10304;Puyehue;   5 782;   5 930;   11 712;;;;;
;10305;Río Negro;   6 840;   7 034;   13 874;;;;;
;10306;San Juan de la Costa;   4 042;   3 734;   7 776;;;;;
;10307;San Pablo;   5 357;   5 526;   10 883;;;;;
;10401;Chaitén;   2 085;   1 940;   4 025;;;;;
;10402;Futaleufú;   1 542;   1 520;   3 062;;;;;
;10403;Hualaihué;   4 910;   4 570;   9 480;;;;;
;10404;Palena;    946;    957;   1 903;;;;;
;11101;Coyhaique;   28 170;   29 653;   57 823;;;;;
;11102;Lago Verde;    427;    352;    779;;;;;
;11201;Aysén;   11 522;   11 648;   23 170;;;;;
;11202;Cisnes;   2 598;   2 539;   5 137;;;;;
;11203;Guaitecas;    857;    741;   1 598;;;;;
;11301;Cochrane;   1 779;   1 679;   3 458;;;;;
;11302;O'Higgins;    331;    316;    647;;;;;
;11303;Tortel;    269;    236;    505;;;;;
;11401;Chile Chico;   2 478;   2 427;   4 905;;;;;
;11402;Río Ibáñez;   1 410;   1 313;   2 723;;;;;
;12101;Punta Arenas;   65 028;   67 335;   132 363;;;;;
;12102;Laguna Blanca;    187;    82;    269;;;;;
;12103;Río Verde;    72;    30;    102;;;;;
;12104;San Gregorio;    151;    90;    241;;;;;
;12201;Cabo de Hornos;    881;    869;   1 750;;;;;
;12202;Antártica;    56;    4;    60;;;;;
;12301;Porvenir;   3 592;   3 217;   6 809;;;;;
;12302;Primavera;    237;    194;    431;;;;;
;12303;Timaukel;    95;    62;    157;;;;;
;12401;Natales;   12 064;   12 088;   24 152;;;;;
;12402;Torres del Paine;    118;    85;    203;;;;;
;13101;Santiago;   223 237;   215 619;   438 856;;;;;
;13102;Cerrillos;   41 216;   43 825;   85 041;;;;;
;13103;Cerro Navia;   62 329;   64 921;   127 250;;;;;
;13104;Conchalí;   59 122;   62 465;   121 587;;;;;
;13105;El Bosque;   75 720;   79 537;   155 257;;;;;
;13106;Estación Central;   88 630;   92 419;   181 049;;;;;
;13107;Huechuraba;   49 479;   52 329;   101 808;;;;;
;13108;Independencia;   56 916;   60 027;   116 943;;;;;
;13109;La Cisterna;   49 154;   54 003;   103 157;;;;;
;13110;La Florida;   178 461;   196 375;   374 836;;;;;
;13111;La Granja;   54 758;   57 264;   112 022;;;;;
;13112;La Pintana;   85 240;   90 181;   175 421;;;;;
;13113;La Reina;   42 260;   47 610;   89 870;;;;;
;13114;Las Condes;   137 984;   158 150;   296 134;;;;;
;13115;Lo Barnechea;   53 609;   59 011;   112 620;;;;;
;13116;Lo Espejo;   43 095;   44 200;   87 295;;;;;
;13117;Lo Prado;   44 300;   46 990;   91 290;;;;;
;13118;Macul;   58 479;   65 321;   123 800;;;;;
;13119;Maipú;   240 903;   262 732;   503 635;;;;;
;13120;Ñuñoa;   111 613;   129 854;   241 467;;;;;
;13121;Pedro Aguirre Cerda;   47 073;   48 989;   96 062;;;;;
;13122;Peñalolén;   114 260;   122 218;   236 478;;;;;
;13123;Providencia;   67 329;   76 645;   143 974;;;;;
;13124;Pudahuel;   109 673;   118 147;   227 820;;;;;
;13125;Quilicura;   99 649;   105 975;   205 624;;;;;
;13126;Quinta Normal;   63 130;   66 221;   129 351;;;;;
;13127;Recoleta;   76 020;   78 595;   154 615;;;;;
;13128;Renca;   69 985;   73 637;   143 622;;;;;
;13129;San Joaquín;   45 983;   49 619;   95 602;;;;;
;13130;San Miguel;   71 229;   79 600;   150 829;;;;;
;13131;San Ramón;   37 417;   38 585;   76 002;;;;;
;13132;Vitacura;   39 914;   46 506;   86 420;;;;;
;13201;Puente Alto;   273 928;   294 158;   568 086;;;;;
;13202;Pirque;   14 399;   14 661;   29 060;;;;;
;13203;San José de Maipo;   8 674;   8 767;   17 441;;;;;
;13301;Colina;   86 925;   86 368;   173 293;;;;;
;13302;Lampa;   72 328;   72 832;   145 160;;;;;
;13303;Tiltil;   9 940;   9 802;   19 742;;;;;
;13401;San Bernardo;   148 696;   157 675;   306 371;;;;;
;13402;Buin;   56 564;   60 405;   116 969;;;;;
;13403;Calera de Tango;   12 607;   12 884;   25 491;;;;;
;13404;Paine;   38 873;   39 955;   78 828;;;;;
;13501;Melipilla;   66 759;   69 566;   136 325;;;;;
;13502;Alhué;   3 863;   3 905;   7 768;;;;;
;13503;Curacaví;   17 226;   17 939;   35 165;;;;;
;13504;María Pinto;   7 559;   7 793;   15 352;;;;;
;13505;San Pedro;   5 696;   5 412;   11 108;;;;;
;13601;Talagante;   37 488;   38 941;   76 429;;;;;
;13602;El Monte;   18 347;   19 150;   37 497;;;;;
;13603;Isla de Maipo;   19 401;   19 873;   39 274;;;;;
;13604;Padre Hurtado;   39 781;   41 462;   81 243;;;;;
;13605;Peñaflor;   45 612;   48 790;   94 402;;;;;
;14101;Valdivia;   81 660;   88 383;   170 043;;;;;
;14102;Corral;   2 746;   2 755;   5 501;;;;;
;14103;Lanco;   8 133;   8 743;   16 876;;;;;
;14104;Los Lagos;   10 596;   10 835;   21 431;;;;;
;14105;Máfil;   3 947;   4 127;   8 074;;;;;
;14106;Mariquina;   11 180;   11 793;   22 973;;;;;
;14107;Paillaco;   9 535;   10 267;   19 802;;;;;
;14108;Panguipulli;   17 044;   18 054;   35 098;;;;;
;14201;La Unión;   18 865;   20 042;   38 907;;;;;
;14202;Futrono;   7 615;   8 020;   15 635;;;;;
;14203;Lago Ranco;   5 181;   5 346;   10 527;;;;;
;14204;Río Bueno;   16 232;   17 131;   33 363;;;;;
;15101;Arica;   118 844;   122 809;   241 653;;;;;
;15102;Camarones;    430;    431;    861;;;;;
;15201;Putre;    846;    701;   1 547;;;;;
;15202;General Lagos;    261;    247;    508;;;;;
;16101;Chillán;   89 482;   100 900;   190 382;;;;;
;16102;Bulnes;   11 472;   12 391;   23 863;;;;;
;16103;Chillán Viejo;   15 486;   17 202;   32 688;;;;;
;16104;El Carmen;   6 548;   6 638;   13 186;;;;;
;16105;Pemuco;   4 416;   4 514;   8 930;;;;;
;16106;Pinto;   6 120;   6 382;   12 502;;;;;
;16107;Quillón;   9 375;   9 790;   19 165;;;;;
;16108;San Ignacio;   8 556;   8 849;   17 405;;;;;
;16109;Yungay;   9 232;   9 448;   18 680;;;;;
;16201;Quirihue;   5 685;   6 061;   11 746;;;;;
;16202;Cobquecura;   2 693;   2 802;   5 495;;;;;
;16203;Coelemu;   7 760;   8 135;   15 895;;;;;
;16204;Ninhue;   2 831;   2 932;   5 763;;;;;
;16205;Portezuelo;   2 588;   2 615;   5 203;;;;;
;16206;Ránquil;   3 197;   3 311;   6 508;;;;;
;16207;Trehuaco;   3 069;   3 055;   6 124;;;;;
;16301;San Carlos;   26 745;   29 102;   55 847;;;;;
;16302;Coihueco;   14 681;   15 085;   29 766;;;;;
;16303;Ñiquén;   6 416;   6 381;   12 797;;;;;
;16304;San Fabián;   2 569;   2 676;   5 245;;;;;
;16305;San Nicolás;   7 516;   7 583;   15 099;;;;;
;TOTAL;;  8 967 033;  9 513 399;  18 480 432;;;;;
;;;;;;;;;;
Fuente: Censo 2024;;;;;;;;;;
Procesado con Redatam WebServer;;;;;;;;;;
2024. CELADE/CEPAL, Naciones Unidas;;;;;;;;;;
;;;;;;;;;;
